id,autor_id,artigo_id,ordem
1,1,1,1
2,2,1,2
3,3,2,1
5,2,2,3
6,5,3,1
7,6,3,2
8,2,3,3
10,8,4,2
11,9,5,1
12,10,5,2
13,11,6,1
14,12,6,2
15,13,6,3
16,14,7,1
17,15,8,1
18,16,8,2
19,17,9,1
20,18,9,2
21,19,10,1
22,2,10,2
23,20,11,1
24,13,11,2
25,21,12,1
26,22,12,2
27,23,12,3
28,24,12,4
29,25,12,5
30,26,13,1
31,27,14,1
32,2,14,2
33,28,15,1
34,10,15,2
35,29,16,1
36,30,16,2
37,31,16,3
38,32,16,4
39,33,17,1
40,34,17,2
41,35,17,3
42,36,18,1
43,37,18,2
44,38,18,3
45,39,18,4
46,40,19,1
47,41,20,1
48,42,20,2
49,2,20,3
50,43,21,1
51,44,21,2
52,45,21,3
53,46,22,1
54,47,22,2
55,48,23,1
56,28,23,2
57,49,24,1
58,50,24,2
59,51,25,1
60,52,25,2
61,19,26,1
62,2,26,2
63,53,27,1
64,8,27,2
65,54,28,1
66,50,28,2
67,55,29,1
68,56,29,2
69,57,29,3
70,58,30,1
71,50,30,2
72,59,31,1
73,60,31,2
74,61,32,1
75,10,32,2
76,62,33,1
77,50,33,2
78,63,34,1
79,6,34,2
80,64,35,1
81,50,35,2
82,65,36,1
83,6,36,2
84,66,37,1
85,67,37,2
86,2,37,3
87,68,38,1
88,69,38,2
89,70,38,3
90,71,39,1
91,18,39,2
92,72,40,1
93,73,40,2
94,74,40,3
95,75,40,4
96,76,41,1
97,77,41,2
98,24,41,3
99,9,42,1
100,10,42,2
101,78,43,1
102,79,43,2
103,80,43,3
104,81,44,1
105,10,44,2
106,82,45,1
107,83,45,2
108,84,46,1
109,50,46,2
110,85,47,1
111,86,47,2
112,67,48,1
113,24,48,2
114,87,49,1
115,88,49,2
116,89,50,1
117,90,50,2
118,13,50,3
119,91,51,1
120,8,51,2
121,10,51,3
122,92,52,1
123,50,52,2
124,19,53,1
125,2,53,2
126,93,54,1
127,94,54,2
128,49,54,3
129,50,54,4
130,95,55,1
131,54,55,2
132,50,55,3
133,96,56,1
134,18,56,2
135,97,57,1
136,98,57,2
137,99,58,1
138,83,58,2
139,100,59,1
140,101,59,2
141,102,59,3
142,103,59,4
143,104,60,1
144,83,60,2
145,105,61,1
146,106,61,2
147,107,62,1
148,108,62,2
149,109,62,3
150,110,62,4
151,111,62,5
152,112,63,1
153,50,63,2
154,113,64,1
155,83,64,2
156,114,65,1
157,50,65,2
158,115,66,1
159,64,66,2
160,50,66,3
161,68,67,1
162,116,67,2
163,117,67,3
164,106,68,3
165,118,68,2
166,119,68,1
167,120,69,1
168,50,69,2
169,121,70,1
170,119,70,2
171,122,70,3
172,123,71,1
173,47,71,2
174,119,71,3
175,124,71,4
176,125,72,1
177,119,72,2
178,123,72,3
179,126,73,1
180,127,73,2
181,128,73,3
182,129,74,1
183,130,75,1
184,131,75,2
185,132,76,1
186,133,76,2
187,134,76,3
188,135,77,1
189,136,77,2
190,56,77,3
191,57,77,4
192,137,78,1
193,138,78,2
194,139,79,1
195,10,79,2
196,140,80,1
197,141,80,2
198,56,81,1
199,142,81,2
200,143,81,3
201,57,81,4
202,144,81,5
203,145,82,1
204,128,82,2
205,118,83,1
206,106,83,2
207,6,83,3
208,119,83,4
209,146,84,1
210,147,84,2
211,148,84,3
212,10,84,4
213,149,85,1
214,6,85,2
215,119,85,3
216,150,86,1
217,83,86,2
218,118,87,1
219,119,87,2
220,6,87,3
221,151,88,1
222,146,88,2
223,152,88,3
224,153,88,4
225,154,89,1
226,68,89,2
227,155,90,1
228,156,90,2
229,157,90,3
230,158,91,1
231,159,91,2
232,118,92,1
233,6,92,2
234,119,92,3
235,160,93,1
236,106,93,2
237,119,93,3
238,13,93,4
239,50,94,1
240,161,94,2
241,162,95,1
242,163,95,2
243,128,95,3
244,164,95,4
245,165,96,1
246,166,97,1
247,167,97,2
248,34,97,3
249,168,98,1
250,6,98,2
251,169,99,1
252,170,99,2
253,171,100,1
254,123,100,2
255,172,101,1
256,119,101,2
257,6,101,3
258,50,102,1
259,173,102,2
260,174,102,3
261,175,103,1
262,176,104,1
263,177,104,2
264,178,105,1
265,179,105,2
266,180,106,1
267,181,107,1
268,182,107,2
269,183,107,3
270,184,107,4
271,185,108,1
272,128,108,2
273,186,109,1
274,50,109,2
275,187,110,1
276,123,110,2
277,188,111,1
278,6,111,2
279,189,112,1
280,50,112,2
281,190,113,1
282,191,113,2
283,192,113,3
284,127,113,4
285,128,113,5
286,129,114,1
287,193,114,2
288,194,114,3
289,195,114,4
290,196,114,5
291,171,115,1
292,6,115,2
293,197,116,1
294,123,116,2
295,198,117,1
296,199,117,2
297,122,117,3
298,200,118,1
299,198,118,2
300,199,118,3
301,122,118,4
302,201,119,1
303,6,119,2
304,141,120,2
305,202,120,1
306,203,121,1
307,204,121,2
308,205,122,1
309,19,122,2
310,206,123,1
311,50,123,2
312,207,124,1
313,208,124,2
314,209,125,1
315,19,125,2
316,210,126,1
317,8,126,2
318,211,127,1
319,212,128,1
320,19,128,2
321,213,129,1
322,214,129,2
323,215,130,1
324,50,130,2
325,216,131,1
326,217,131,2
327,218,131,3
328,128,131,4
329,219,132,1
330,220,133,1
331,221,133,2
332,222,134,1
333,19,134,2
334,223,135,1
335,224,135,2
336,225,136,1
337,226,136,2
338,227,136,3
339,10,136,4
340,228,137,1
341,199,137,2
342,122,137,3
343,229,138,1
344,230,138,2
345,199,138,3
346,122,138,4
347,231,139,1
348,19,139,2
349,232,140,1
350,233,140,2
351,234,140,3
352,10,140,4
353,189,141,1
354,50,141,2
355,235,142,2
356,83,142,1
357,236,143,1
358,83,143,2
359,237,143,3
360,238,143,4
361,239,144,1
362,54,144,2
363,240,145,1
364,241,145,2
365,237,146,1
366,83,146,2
367,242,147,1
368,83,147,2
369,243,148,1
370,54,148,2
371,244,149,1
372,141,149,2
373,163,150,1
374,64,150,2
375,245,150,3
376,246,150,4
377,247,150,5
378,248,150,6
379,249,151,1
380,250,151,2
381,251,151,3
382,221,151,4
383,252,152,1
384,223,152,2
385,224,152,3
386,253,153,1
387,254,153,2
388,255,153,3
389,256,154,1
390,118,154,2
391,119,154,3
392,6,154,4
393,257,155,1
394,258,155,2
395,115,156,1
396,50,156,2
397,259,157,1
398,260,157,2
399,261,157,3
400,262,158,1
401,138,158,2
402,244,159,1
403,141,159,2
404,50,159,3
405,252,160,1
406,224,160,2
407,252,161,1
408,223,161,2
409,224,161,3
410,263,162,1
411,264,162,2
412,138,162,3
413,265,162,4
414,266,163,1
415,267,163,2
416,23,163,3
417,268,164,1
418,141,164,2
419,269,165,1
420,270,165,2
421,64,165,3
422,271,166,1
423,272,166,2
424,273,167,1
425,52,167,2
426,274,168,1
427,275,168,2
428,276,168,3
429,277,168,4
430,22,168,5
431,278,169,1
432,122,169,2
433,208,169,3
434,279,170,1
435,280,170,2
436,64,170,3
437,281,171,1
438,19,171,2
439,282,172,1
440,283,172,2
441,284,172,3
442,285,172,4
443,286,172,5
444,287,173,1
445,288,173,2
447,122,173,4
448,290,174,1
449,141,174,2
450,291,175,1
451,123,175,2
452,292,176,1
453,293,176,2
454,294,176,3
455,295,176,4
456,296,177,1
457,297,177,2
458,298,177,3
459,299,177,4
460,300,178,1
461,106,178,2
462,301,179,1
463,302,179,2
464,303,179,3
465,304,180,1
466,258,180,2
467,305,180,3
468,300,181,1
469,106,181,2
470,306,182,1
471,54,182,2
472,50,182,3
473,307,183,1
474,308,183,2
475,309,184,1
476,310,184,2
477,311,184,3
478,312,185,1
479,313,185,2
480,23,185,3
481,314,186,1
482,303,186,2
483,315,187,1
484,316,187,2
485,317,187,3
486,318,187,4
487,300,188,1
488,106,188,2
489,319,189,1
490,320,189,2
491,321,190,1
492,322,190,2
493,52,190,3
494,323,190,4
495,324,190,5
496,325,190,6
497,326,191,1
498,327,191,2
499,328,191,3
500,329,192,1
501,50,192,2
502,330,193,1
503,331,193,2
504,332,194,1
505,333,194,2
506,334,194,3
507,335,194,4
508,336,194,5
509,337,194,6
510,338,195,1
511,339,195,2
512,340,195,3
513,274,195,4
514,341,196,1
515,258,196,2
516,342,196,3
517,343,196,4
518,344,196,5
519,345,197,1
520,346,197,2
521,347,197,3
522,348,198,1
523,349,198,2
524,350,198,3
525,351,199,1
526,258,199,2
527,352,199,3
528,353,199,4
529,354,199,5
530,355,200,1
531,356,200,2
532,357,200,3
533,358,200,4
536,359,202,1
537,258,202,2
538,360,202,3
539,361,202,4
540,258,203,2
541,362,203,3
542,363,204,1
543,19,204,2
544,364,205,1
545,128,205,2
546,365,206,1
547,366,206,2
548,19,206,4
549,367,207,1
550,368,207,2
551,304,207,3
552,369,208,1
553,370,208,2
554,371,208,3
555,372,208,4
556,373,209,1
557,374,209,2
558,372,210,1
559,369,210,2
560,370,210,3
561,371,210,4
562,375,211,1
563,19,211,2
564,376,212,1
565,106,212,2
566,118,212,3
567,377,213,1
568,378,213,2
569,258,213,3
570,352,213,4
571,379,214,1
572,122,214,2
573,380,215,1
574,381,215,2
575,382,215,3
576,23,215,4
577,54,216,1
578,244,216,2
579,383,216,3
580,50,216,4
583,384,218,1
584,385,218,2
585,386,219,1
586,387,219,2
587,388,219,3
588,389,219,4
589,390,220,1
590,244,220,2
591,54,220,3
592,50,220,4
593,391,221,1
594,244,221,2
595,392,221,3
596,393,221,4
597,111,221,5
598,394,222,1
599,395,222,2
600,396,222,3
601,397,222,4
602,398,222,5
603,399,223,1
604,141,223,2
605,400,224,1
606,311,224,2
607,258,225,1
608,354,225,2
609,54,226,1
610,244,226,2
611,401,226,3
612,50,226,4
613,304,227,1
614,402,228,1
615,403,228,2
616,404,228,3
617,405,228,4
618,406,228,5
619,407,228,6
620,408,229,1
621,395,229,2
622,409,229,3
623,410,229,4
624,411,230,1
625,395,230,2
626,412,230,3
627,413,231,1
628,354,231,2
629,258,231,3
630,414,232,1
631,322,232,2
632,52,232,3
633,415,232,4
634,416,232,5
635,417,233,1
636,418,233,2
637,419,234,1
638,201,234,2
639,420,236,1
640,421,236,2
641,422,237,1
642,423,237,2
643,424,238,1
644,425,238,2
645,426,238,3
646,422,239,1
647,427,239,2
648,428,240,1
649,429,240,2
650,430,240,3
651,431,240,4
652,432,240,5
653,433,240,6
654,434,241,1
655,54,241,2
656,435,242,1
657,436,242,2
658,216,242,3
659,437,242,4
660,438,242,5
661,128,242,6
662,439,243,1
663,440,243,2
664,441,243,3
665,442,243,4
666,443,243,5
667,128,243,6
668,128,150,7
670,444,90,4
671,445,90,5
672,446,203,1
673,447,206,3
674,89,269,
675,139,2213,
676,139,1572,
677,139,1571,
678,119,1103,
679,139,2209,
680,139,787,
681,139,2491,
682,139,1295,
683,107,3949,
684,259,3676,
685,139,1399,
686,139,2490,
687,258,1291,
688,139,2765,
689,139,3574,
690,190,1693,
691,321,3403,
692,321,1212,
693,321,426,
694,89,1815,
695,417,2829,
696,417,3025,
697,190,1916,
698,50,410,
699,119,2005,
700,321,378,
701,321,380,
702,384,3051,
703,107,3539,
704,119,1795,
705,107,3837,
706,384,3630,
707,53,1565,
708,89,2734,
709,258,3400,
710,428,994,
711,321,868,
712,419,3169,
713,28,3659,
714,119,2245,
715,139,1131,
716,139,3701,
717,376,1334,
718,384,3050,
719,419,322,
720,83,289,
721,21,3472,
722,321,1037,
723,115,3858,
724,107,2877,
725,64,3933,
726,107,2184,
727,296,2912,
728,43,2961,
729,43,2657,
730,107,2725,
731,28,968,
732,384,3925,
733,119,1097,
734,225,2488,
735,135,2371,
736,190,3212,
737,40,923,
738,129,749,
739,50,795,
740,376,2831,
741,321,2815,
742,56,1280,
743,56,1300,
744,50,1023,
745,229,2622,
746,119,1792,
747,43,2859,
748,119,1797,
749,259,3621,
750,89,2844,
751,376,2022,
752,258,2247,
753,118,2662,
754,258,2248,
755,83,317,
756,21,1172,
757,428,555,
758,258,1599,
759,258,1601,
760,321,479,
761,321,480,
762,321,676,
763,321,887,
764,321,891,
765,321,861,
766,321,865,
767,321,1929,
768,321,1947,
769,321,363,
770,321,366,
771,281,3571,
772,89,3376,
773,376,3110,
774,89,3854,
775,50,3759,
776,139,299,
777,158,1994,
778,321,565,
779,321,580,
780,315,3154,
781,56,1275,
782,56,1282,
783,55,807,
784,118,3218,
785,321,875,
786,321,884,
787,54,404,
788,54,349,
789,54,348,
790,54,353,
791,107,1228,
792,139,1767,
793,376,3732,
794,321,1934,
795,89,2556,
796,89,3658,
797,43,2962,
798,424,1761,
799,50,2946,
800,321,3497,
801,119,1289,
802,123,1136,
803,43,2033,
804,107,3972,
805,54,1107,
806,50,1110,
807,282,3301,
808,50,450,
809,83,2567,
810,107,3839,
811,83,3878,
812,228,2989,
813,384,3870,
814,50,3758,
815,50,3201,
816,89,3276,
817,89,2840,
818,89,3006,
819,89,2736,
820,89,3005,
821,83,1409,
822,40,2030,
823,119,1590,
824,119,1591,
825,107,2996,
826,43,3770,
827,376,2349,
828,107,3838,
829,139,1768,
830,376,1468,
831,43,2571,
832,43,3771,
833,376,1653,
834,107,3267,
835,89,3952,
836,119,3077,
837,119,2589,
838,376,3444,
839,258,3612,
840,321,422,
841,321,427,
842,321,421,
843,321,760,
844,321,493,
845,321,504,
846,54,3423,
847,28,3028,
848,139,2494,
849,107,3149,
850,139,2268,
851,107,3410,
852,107,3268,
853,229,3371,
854,229,2921,
855,28,390,
856,89,2740,
857,158,1257,
858,376,1810,
859,376,3431,
860,376,3648,
861,139,3700,
862,422,2486,
863,59,837,
864,119,941,
865,50,2104,
866,123,3679,
867,376,3726,
868,321,2169,
869,28,3855,
870,64,3544,
871,135,1893,
872,419,2901,
873,50,411,
874,50,1347,
875,321,1501,
876,83,3595,
877,237,2385,
878,242,2498,
879,83,2524,
880,43,1621,
881,43,1350,
882,89,3018,
883,123,1841,
884,50,1679,
885,189,1642,
886,321,673,
887,321,680,
888,321,886,
889,321,889,
890,259,3921,
891,258,3359,
892,123,1640,
893,83,304,
894,58,1125,
895,428,554,
896,384,3964,
897,384,3959,
898,43,1911,
899,40,924,
900,225,1988,
901,225,2042,
902,225,3572,
903,107,1384,
904,107,1834,
905,212,3420,
906,376,3904,
907,43,2655,
908,258,3898,
909,89,3653,
910,384,3052,
911,119,1630,
912,376,3445,
913,376,3179,
914,258,1596,
915,28,3916,
916,315,2468,
917,107,1227,
918,83,3670,
919,384,3922,
920,376,3728,
921,89,1976,
922,139,519,
923,139,702,
924,28,767,
925,28,2744,
926,28,3645,
927,422,1984,
928,274,3080,
929,321,3136,
930,169,3873,
931,384,3924,
932,129,3068,
933,129,3150,
934,129,3069,
935,50,2950,
936,68,742,
937,64,1680,
938,50,1750,
939,115,2650,
940,50,2757,
941,135,3195,
942,89,2473,
943,232,2508,
944,321,669,
945,321,681,
946,89,2195,
947,107,3542,
948,376,1871,
949,61,998,
950,258,3883,
951,48,1251,
952,28,1124,
953,48,1303,
954,28,1245,
955,428,1464,
956,419,2329,
957,376,1873,
958,376,3731,
959,376,1867,
960,20,704,
961,376,1469,
962,43,2656,
963,20,705,
964,20,703,
965,123,1641,
966,376,3908,
967,376,1661,
968,321,2988,
969,321,2719,
970,321,2973,
971,321,2718,
972,171,1587,
973,321,1192,
974,321,654,
975,321,658,
976,428,1320,
977,321,3516,
978,29,1081,
979,135,1672,
980,135,2271,
981,64,1904,
982,50,1970,
983,321,3222,
984,129,3066,
985,83,285,
986,123,979,
987,119,1096,
988,321,2818,
989,419,2051,
990,376,2076,
991,19,2795,
992,19,2796,
993,83,283,
994,61,556,
995,28,594,
996,54,2314,
997,268,3414,
998,28,682,
999,40,2231,
1000,119,2004,
1001,376,1481,
1002,43,2113,
1003,376,1807,
1004,376,1614,
1005,119,2786,
1006,258,3084,
1007,50,3948,
1008,107,2185,
1009,119,3332,
1010,89,3010,
1011,89,3102,
1012,212,3637,
1013,50,1906,
1014,54,3422,
1015,50,3464,
1016,422,2484,
1017,66,985,
1018,107,1833,
1019,376,2078,
1020,107,1310,
1021,40,3319,
1022,107,2465,
1023,107,2991,
1024,50,2948,
1025,376,2073,
1026,119,1796,
1027,50,3465,
1028,422,3532,
1029,107,3563,
1030,43,3130,
1031,422,3035,
1032,422,2759,
1033,422,3285,
1034,376,2079,
1035,40,2563,
1036,384,3960,
1037,384,3963,
1038,107,1748,
1039,428,462,
1040,258,1628,
1041,428,970,
1042,107,3408,
1043,19,1304,
1044,43,3674,
1045,258,3678,
1046,36,699,
1047,36,735,
1048,129,2514,
1049,59,2088,
1050,281,3981,
1051,20,1085,
1052,123,1135,
1053,119,1290,
1054,123,1839,
1055,119,710,
1056,50,1171,
1057,107,1746,
1058,119,1632,
1059,83,523,
1060,19,2259,
1061,19,2260,
1062,190,1353,
1063,19,2536,
1064,321,2679,
1065,28,3281,
1066,278,1148,
1067,28,2287,
1068,321,1127,
1069,321,1038,
1070,135,1675,
1071,107,1747,
1072,321,1504,
1073,321,1713,
1074,384,1993,
1075,321,3523,
1076,419,2904,
1077,321,877,
1078,321,2678,
1079,321,2410,
1080,321,400,
1081,321,1063,
1082,321,1068,
1083,321,3831,
1084,321,497,
1085,321,3517,
1086,376,3443,
1087,321,3227,
1088,321,859,
1089,321,1182,
1090,321,874,
1091,321,490,
1092,321,500,
1093,321,412,
1094,28,694,
1095,135,840,
1096,321,3503,
1097,321,3977,
1098,321,3795,
1099,321,2866,
1100,321,3134,
1101,321,3254,
1102,19,3628,
1103,321,3798,
1104,258,2249,
1105,321,3514,
1106,56,1421,
1107,321,2873,
1108,321,1734,
1109,258,3607,
1110,321,3821,
1111,321,3498,
1112,321,2398,
1113,321,1505,
1114,321,3803,
1115,28,2482,
1116,244,2646,
1117,50,2769,
1118,50,1902,
1119,64,1017,
1120,50,1073,
1121,50,2377,
1122,321,1199,
1123,28,3667,
1124,28,3119,
1125,321,2148,
1126,376,3187,
1127,321,3240,
1128,321,2400,
1129,321,2149,
1130,258,3477,
1131,446,3606,
1132,19,3354,
1133,376,3739,
1134,83,2520,
1135,321,2680,
1136,321,2981,
1137,83,3072,
1138,321,1365,
1139,61,999,
1140,321,1941,
1141,76,305,
1142,420,2781,
1143,315,2470,
1144,54,2890,
1145,54,2895,
1146,321,2396,
1147,321,890,
1148,321,896,
1149,56,939,
1150,321,655,
1151,321,3225,
1152,321,2703,
1153,321,576,
1154,321,3243,
1155,135,1015,
1156,28,3661,
1157,321,2704,
1158,321,3829,
1159,321,3817,
1160,28,2845,
1161,321,758,
1162,321,765,
1163,321,3266,
1164,321,2446,
1165,28,1444,
1166,321,2150,
1167,321,3228,
1168,281,3374,
1169,135,1892,
1170,135,729,
1171,135,648,
1172,341,3335,
1173,258,3345,
1174,321,2151,
1175,203,2251,
1176,321,2681,
1177,321,671,
1178,376,3735,
1179,376,3439,
1180,321,418,
1181,321,477,
1182,321,478,
1183,321,370,
1184,321,3231,
1185,72,993,
1186,315,2467,
1187,321,3501,
1188,376,2081,
1189,321,962,
1190,321,2682,
1191,229,2334,
1192,376,1860,
1193,321,2434,
1194,321,2435,
1195,83,2521,
1196,211,2767,
1197,211,2857,
1198,376,2924,
1199,376,2832,
1200,21,2953,
1201,258,3083,
1202,229,3175,
1203,229,3177,
1204,229,3632,
1205,229,3722,
1206,256,3494,
1207,236,2355,
1208,83,2522,
1209,213,3623,
1210,83,1782,
1211,83,2354,
1212,236,2518,
1213,83,1269,
1214,253,2236,
1215,28,2562,
1216,376,2627,
1217,56,965,
1218,56,1092,
1219,56,1425,
1220,50,359,
1221,89,1243,
1222,376,3730,
1223,28,591,
1224,56,1422,
1225,181,1568,
1226,321,1369,
1227,53,909,
1228,28,589,
1229,321,1041,
1230,321,1058,
1231,321,878,
1232,321,1044,
1233,321,1057,
1234,419,2024,
1235,321,3256,
1236,373,3327,
1237,419,3715,
1238,54,2322,
1239,54,2319,
1240,107,3937,
1241,89,2275,
1242,20,2506,
1243,83,608,
1244,119,1798,
1245,341,3600,
1246,54,2596,
1247,54,2597,
1248,89,2187,
1249,139,3040,
1250,135,3461,
1251,89,2265,
1252,229,3429,
1253,40,3320,
1254,376,2633,
1255,376,2936,
1256,43,2858,
1257,292,3398,
1258,321,2294,
1259,89,3383,
1260,49,1625,
1261,50,1634,
1262,83,2564,
1263,321,2967,
1264,321,1210,
1265,321,2827,
1266,321,1190,
1267,89,903,
1268,89,902,
1269,321,263,
1270,135,3452,
1271,240,3064,
1272,228,1965,
1273,89,2733,
1274,107,1230,
1275,54,2307,
1276,107,1229,
1277,64,3546,
1278,89,1238,
1279,19,3101,
1280,68,646,
1281,54,2886,
1282,321,1711,
1283,321,1536,
1284,119,527,
1285,376,3725,
1286,139,2210,
1287,139,2045,
1288,139,2214,
1289,28,3856,
1290,321,1193,
1291,135,1342,
1292,139,2766,
1293,139,3047,
1294,139,3299,
1295,139,3041,
1296,139,733,
1297,139,784,
1298,139,785,
1299,139,1991,
1300,139,2211,
1301,139,2212,
1302,139,1255,
1303,139,1396,
1304,139,1452,
1305,139,600,
1306,419,2327,
1307,139,393,
1308,321,2819,
1309,59,1306,
1310,83,2031,
1311,112,2576,
1312,190,2963,
1313,321,3142,
1314,28,2028,
1315,321,2442,
1316,321,2134,
1317,139,701,
1318,89,3014,
1319,417,2741,
1320,54,2316,
1321,54,2310,
1322,258,2528,
1323,107,1226,
1324,376,1479,
1325,376,1480,
1326,89,3550,
1327,281,3570,
1328,171,1416,
1329,171,1270,
1330,321,863,
1331,321,867,
1332,21,2043,
1333,139,826,
1334,139,917,
1335,40,2230,
1336,321,430,
1337,56,1420,
1338,118,1498,
1339,61,2574,
1340,61,1875,
1341,89,2188,
1342,3,1138,
1343,242,2661,
1344,242,2782,
1345,83,2828,
1346,135,1890,
1347,118,3486,
1348,118,3485,
1349,428,1463,
1350,419,2325,
1351,107,1968,
1352,321,764,
1353,321,1948,
1354,321,3239,
1355,321,1367,
1356,321,2411,
1357,321,3518,
1358,321,2142,
1359,321,873,
1360,321,2405,
1361,321,2176,
1362,321,1949,
1363,321,3820,
1364,188,3189,
1365,118,3217,
1366,118,3787,
1367,321,3234,
1368,321,2975,
1369,321,2127,
1370,321,3815,
1371,321,2406,
1372,321,881,
1373,321,1371,
1374,321,3133,
1375,321,1720,
1376,321,1736,
1377,118,3491,
1378,321,1730,
1379,321,3823,
1380,321,2683,
1381,321,2699,
1382,321,1528,
1383,321,3504,
1384,321,3252,
1385,321,1526,
1386,321,3505,
1387,321,1729,
1388,321,1925,
1389,321,2705,
1390,321,2706,
1391,321,1926,
1392,321,2707,
1393,422,1829,
1394,321,2125,
1395,321,1187,
1396,321,1062,
1397,321,2174,
1398,321,2976,
1399,28,593,
1400,21,3764,
1401,321,2412,
1402,89,2280,
1403,321,3978,
1404,321,3261,
1405,321,1933,
1406,321,2407,
1407,28,3280,
1408,321,1945,
1409,321,1950,
1410,321,1503,
1411,321,2413,
1412,321,1740,
1413,321,314,
1414,321,307,
1415,321,313,
1416,321,1208,
1417,321,1224,
1418,321,3241,
1419,321,2987,
1420,419,2328,
1421,28,2476,
1422,321,3832,
1423,321,577,
1424,321,578,
1425,321,660,
1426,321,2462,
1427,321,2120,
1428,43,3776,
1429,321,2448,
1430,107,3272,
1431,64,3003,
1432,56,1283,
1433,56,1419,
1434,118,3789,
1435,321,1951,
1436,321,2985,
1437,56,1301,
1438,422,3561,
1439,28,595,
1440,28,615,
1441,150,1574,
1442,83,1583,
1443,419,2057,
1444,321,3805,
1445,321,3836,
1446,321,2684,
1447,321,1942,
1448,321,1537,
1449,321,1184,
1450,158,2217,
1451,321,2414,
1452,321,2685,
1453,321,2141,
1454,321,2123,
1455,321,3810,
1456,321,3242,
1457,321,2395,
1458,321,2443,
1459,321,2686,
1460,321,1206,
1461,321,1045,
1462,321,3974,
1463,321,2666,
1464,321,1527,
1465,321,876,
1466,321,1061,
1467,321,372,
1468,321,2119,
1469,28,3026,
1470,321,2708,
1471,321,2709,
1472,321,2687,
1473,28,1616,
1474,321,2415,
1475,321,3262,
1476,321,1508,
1477,321,1204,
1478,321,2173,
1479,321,821,
1480,321,1542,
1481,89,1436,
1482,321,3226,
1483,321,1938,
1484,321,1507,
1485,321,2175,
1486,321,1040,
1487,43,2960,
1488,321,3506,
1489,321,3257,
1490,321,1541,
1491,321,433,
1492,321,2454,
1493,321,1733,
1494,321,1035,
1495,321,1066,
1496,321,1511,
1497,321,1513,
1498,321,1708,
1499,321,1805,
1500,321,1042,
1501,321,1051,
1502,321,1936,
1503,291,1651,
1504,321,1946,
1505,321,3260,
1506,321,1712,
1507,321,2399,
1508,321,2688,
1509,419,2323,
1510,76,2037,
1511,89,3275,
1512,419,1458,
1513,56,1274,
1514,135,1345,
1515,56,1418,
1516,321,1357,
1517,119,1285,
1518,19,535,
1519,19,534,
1520,417,3396,
1521,417,3647,
1522,417,3395,
1523,119,3688,
1524,139,300,
1525,56,931,
1526,321,2455,
1527,169,1775,
1528,169,1774,
1529,321,1194,
1530,321,1059,
1531,28,1561,
1532,130,1317,
1533,419,636,
1534,54,630,
1535,54,634,
1536,83,2241,
1537,40,2227,
1538,417,1552,
1539,118,1029,
1540,50,850,
1541,21,2653,
1542,376,3369,
1543,281,3651,
1544,274,3934,
1545,118,1033,
1546,107,3413,
1547,43,3673,
1548,258,3677,
1549,50,748,
1550,417,3131,
1551,321,2432,
1552,376,3905,
1553,36,698,
1554,36,736,
1555,417,2197,
1556,321,247,
1557,321,248,
1558,321,3406,
1559,321,3500,
1560,53,1082,
1561,376,3183,
1562,321,2810,
1563,43,3474,
1564,321,3138,
1565,422,1562,
1566,135,1895,
1567,301,3162,
1568,20,2224,
1569,321,2585,
1570,244,3940,
1571,50,3943,
1572,50,1681,
1573,119,3880,
1574,107,2464,
1575,107,1128,
1576,83,798,
1577,420,3592,
1578,89,2731,
1579,428,355,
1580,384,3304,
1581,83,812,
1582,89,510,
1583,19,3353,
1584,19,3100,
1585,258,3478,
1586,446,3609,
1587,56,801,
1588,107,3692,
1589,376,3947,
1590,419,2902,
1591,419,2053,
1592,129,2591,
1593,139,403,
1594,321,3818,
1595,321,3794,
1596,321,3363,
1597,321,3364,
1598,321,3362,
1599,135,2356,
1600,321,2144,
1601,321,2402,
1602,321,1377,
1603,321,1931,
1604,321,2416,
1605,20,3311,
1606,419,1849,
1607,321,2152,
1608,321,2869,
1609,376,1478,
1610,376,1331,
1611,376,2343,
1612,83,3671,
1613,376,3909,
1614,83,1268,
1615,376,2086,
1616,376,1612,
1617,376,3437,
1618,83,1406,
1619,321,1379,
1620,321,2178,
1621,321,333,
1622,321,2710,
1623,321,473,
1624,321,474,
1625,321,1050,
1626,321,1056,
1627,321,882,
1628,321,1924,
1629,321,2689,
1630,321,371,
1631,321,2807,
1632,321,1961,
1633,321,507,
1634,321,2665,
1635,321,2971,
1636,321,2409,
1637,321,486,
1638,321,499,
1639,258,3605,
1640,321,2690,
1641,321,506,
1642,321,417,
1643,321,429,
1644,321,431,
1645,321,278,
1646,321,419,
1647,321,3238,
1648,321,1726,
1649,321,416,
1650,321,434,
1651,321,423,
1652,321,2039,
1653,321,2390,
1654,321,3529,
1655,19,809,
1656,321,2417,
1657,169,3579,
1658,278,3447,
1659,225,3863,
1660,229,3111,
1661,321,566,
1662,321,579,
1663,321,1201,
1664,321,1372,
1665,419,1459,
1666,89,2559,
1667,229,3373,
1668,400,3588,
1669,119,526,
1670,119,611,
1671,40,3586,
1672,321,273,
1673,321,2436,
1674,321,2437,
1675,321,2433,
1676,107,3950,
1677,59,2637,
1678,83,3326,
1679,107,2995,
1680,376,2021,
1681,61,1876,
1682,61,2266,
1683,118,1500,
1684,119,1594,
1685,20,2505,
1686,107,2992,
1687,258,3086,
1688,321,287,
1689,369,3618,
1690,369,3886,
1691,19,2256,
1692,205,1843,
1693,19,2011,
1694,119,711,
1695,119,714,
1696,89,1075,
1697,321,2804,
1698,225,3298,
1699,28,2742,
1700,376,1874,
1701,281,3288,
1702,28,617,
1703,28,688,
1704,135,1671,
1705,21,3471,
1706,376,1862,
1707,376,3357,
1708,54,452,
1709,54,457,
1710,321,2870,
1711,123,1837,
1712,123,1840,
1713,229,3633,
1714,321,2577,
1715,89,2472,
1716,54,2892,
1717,54,2888,
1718,54,2896,
1719,376,2348,
1720,89,3103,
1721,312,3328,
1722,258,3093,
1723,118,3689,
1724,119,3704,
1725,89,3962,
1726,54,2598,
1727,54,2606,
1728,129,3876,
1729,135,1013,
1730,321,3826,
1731,321,2580,
1732,240,2510,
1733,278,975,
1734,365,3473,
1735,19,3627,
1736,135,845,
1737,19,3626,
1738,54,2889,
1739,43,853,
1740,28,2749,
1741,369,1803,
1742,321,1538,
1743,376,2925,
1744,119,2246,
1745,321,2864,
1746,135,744,
1747,135,3197,
1748,56,802,
1749,135,2364,
1750,20,3580,
1751,258,2543,
1752,258,1435,
1753,428,643,
1754,40,2228,
1755,321,1373,
1756,321,2452,
1757,19,3036,
1758,281,3097,
1759,19,3375,
1760,281,3392,
1761,19,2838,
1762,281,2853,
1763,281,3366,
1764,321,3229,
1765,376,2074,
1766,169,2220,
1767,419,2906,
1768,428,1462,
1769,291,1650,
1770,139,1438,
1771,139,915,
1772,139,918,
1773,139,1609,
1774,139,3702,
1775,139,2208,
1776,139,976,
1777,163,3761,
1778,139,825,
1779,139,977,
1780,139,3418,
1781,139,2764,
1782,139,3043,
1783,139,3046,
1784,139,3044,
1785,139,919,
1786,139,916,
1787,139,920,
1788,139,2489,
1789,139,2492,
1790,139,1297,
1791,139,439,
1792,139,3360,
1793,139,2267,
1794,139,722,
1795,139,783,
1796,139,786,
1797,135,1885,
1798,321,725,
1799,321,2979,
1800,321,3685,
1801,321,3245,
1802,419,2059,
1803,419,2054,
1804,419,2903,
1805,419,2064,
1806,28,3121,
1807,321,2449,
1808,83,2525,
1809,43,3919,
1810,419,354,
1811,419,458,
1812,258,3349,
1813,321,1535,
1814,43,3772,
1815,258,3611,
1816,54,2894,
1817,54,2599,
1818,321,1725,
1819,321,1932,
1820,321,1525,
1821,163,1348,
1822,56,609,
1823,376,2019,
1824,315,2726,
1825,28,391,
1826,181,1567,
1827,181,1759,
1828,321,3253,
1829,229,2918,
1830,321,3235,
1831,321,1195,
1832,321,1202,
1833,135,841,
1834,321,1196,
1835,321,2457,
1836,258,2541,
1837,422,3033,
1838,422,2483,
1839,422,2298,
1840,83,1267,
1841,355,3205,
1842,139,1765,
1843,321,3982,
1844,321,266,
1845,321,260,
1846,89,2276,
1847,419,2061,
1848,139,2763,
1849,419,2907,
1850,419,2554,
1851,135,1669,
1852,135,3743,
1853,135,3462,
1854,135,2642,
1855,135,2359,
1856,135,2373,
1857,135,2357,
1858,135,2360,
1859,135,2372,
1860,190,2964,
1861,190,2384,
1862,135,3458,
1863,400,2780,
1864,135,1819,
1865,135,1820,
1866,428,309,
1867,61,644,
1868,135,2362,
1869,64,1168,
1870,50,1234,
1871,419,2839,
1872,419,2897,
1873,419,2899,
1874,135,3457,
1875,135,2375,
1876,268,2539,
1877,61,1000,
1878,321,1743,
1879,321,1364,
1880,321,334,
1881,428,310,
1882,200,1884,
1883,129,1108,
1884,56,936,
1885,56,935,
1886,54,549,
1887,315,2469,
1888,321,2874,
1889,64,3274,
1890,329,3634,
1891,129,2515,
1892,258,1800,
1893,321,428,
1894,321,432,
1895,107,2878,
1896,54,408,
1897,28,3031,
1898,281,3980,
1899,83,1413,
1900,321,759,
1901,321,956,
1902,119,1098,
1903,321,754,
1904,258,3348,
1905,50,358,
1906,40,2776,
1907,376,2624,
1908,43,854,
1909,181,1760,
1910,225,3862,
1911,119,610,
1912,376,1470,
1913,43,2800,
1914,19,948,
1915,123,291,
1916,43,1686,
1917,123,292,
1918,424,1764,
1919,258,1602,
1920,50,2102,
1921,139,3157,
1922,139,2801,
1923,135,647,
1924,376,2344,
1925,89,2558,
1926,43,2799,
1927,186,2103,
1928,50,2250,
1929,321,1517,
1930,315,3002,
1931,186,2534,
1932,50,2378,
1933,50,849,
1934,301,3161,
1935,163,1492,
1936,281,3568,
1937,376,3105,
1938,419,3172,
1939,56,1112,
1940,321,892,
1941,321,893,
1942,158,2218,
1943,28,2747,
1944,369,3887,
1945,369,3888,
1946,40,1405,
1947,258,1597,
1948,28,908,
1949,428,326,
1950,291,1852,
1951,135,1897,
1952,365,2959,
1953,321,753,
1954,321,3515,
1955,321,3508,
1956,89,721,
1957,419,3425,
1958,321,3804,
1959,321,3927,
1960,321,3979,
1961,321,2711,
1962,321,585,
1963,28,514,
1964,188,1882,
1965,28,597,
1966,274,2787,
1967,135,3460,
1968,56,444,
1969,89,967,
1970,89,1079,
1971,7,329,
1972,428,552,
1973,321,1203,
1974,365,2958,
1975,419,2546,
1976,135,3456,
1977,28,596,
1978,274,3081,
1979,118,3492,
1980,321,2712,
1981,321,2418,
1982,321,2456,
1983,135,1894,
1984,135,3748,
1985,135,1488,
1986,274,2788,
1987,89,2189,
1988,135,1896,
1989,28,3665,
1990,28,3279,
1991,338,3156,
1992,274,3336,
1993,321,1378,
1994,236,1486,
1995,236,1666,
1996,236,1667,
1997,28,776,
1998,278,1005,
1999,135,1676,
2000,259,2533,
2001,259,2793,
2002,259,2532,
2003,135,1014,
2004,126,796,
2005,321,2408,
2006,135,2942,
2007,135,3193,
2008,135,1887,
2009,118,3484,
2010,135,2943,
2011,181,1758,
2012,135,1114,
2013,56,1158,
2014,56,1281,
2015,135,2361,
2016,274,3337,
2017,321,3511,
2018,278,1006,
2019,321,3519,
2020,123,286,
2021,135,1160,
2022,61,1146,
2023,321,3809,
2024,321,2153,
2025,28,3391,
2026,135,3451,
2027,135,328,
2028,190,1115,
2029,341,3881,
2030,40,3318,
2031,53,1987,
2032,376,2017,
2033,107,2466,
2034,64,1308,
2035,50,1311,
2036,274,3602,
2037,321,1380,
2038,21,3766,
2039,321,2677,
2040,163,750,
2041,43,1622,
2042,76,1745,
2043,321,2126,
2044,76,1744,
2045,155,2497,
2046,123,980,
2047,119,1095,
2048,123,983,
2049,119,1102,
2050,76,2183,
2051,43,1822,
2052,163,949,
2053,321,297,
2054,321,3793,
2055,321,3819,
2056,321,2419,
2057,321,2038,
2058,321,1719,
2059,321,1806,
2060,321,2966,
2061,321,2871,
2062,321,1707,
2063,321,1512,
2064,321,1514,
2065,321,3528,
2066,321,1185,
2067,321,1188,
2068,54,829,
2069,50,848,
2070,28,2481,
2071,355,3207,
2072,21,3208,
2073,135,3745,
2074,355,3204,
2075,135,1012,
2076,135,1340,
2077,321,2296,
2078,89,3277,
2079,126,927,
2080,376,3368,
2081,135,2374,
2082,89,3377,
2083,321,652,
2084,321,3801,
2085,321,723,
2086,321,484,
2087,321,563,
2088,321,496,
2089,321,3249,
2090,89,2475,
2091,321,3223,
2092,321,569,
2093,321,672,
2094,321,2420,
2095,321,2702,
2096,321,584,
2097,321,659,
2098,321,485,
2099,321,3251,
2100,321,3233,
2101,321,2986,
2102,321,1539,
2103,321,1709,
2104,321,856,
2105,321,897,
2106,139,3900,
2107,139,3573,
2108,139,2881,
2109,54,2893,
2110,373,3597,
2111,50,1024,
2112,376,2084,
2113,107,1070,
2114,107,1129,
2115,54,3421,
2116,244,3463,
2117,50,3576,
2118,139,3899,
2119,321,2421,
2120,376,1868,
2121,135,2370,
2122,135,2369,
2123,321,2814,
2124,123,1316,
2125,119,1431,
2126,54,2315,
2127,376,2077,
2128,190,3211,
2129,376,3944,
2130,225,2207,
2131,89,3655,
2132,321,2154,
2133,188,1880,
2134,258,3089,
2135,83,2240,
2136,83,2262,
2137,40,3639,
2138,139,3158,
2139,40,794,
2140,256,3397,
2141,89,282,
2142,89,2561,
2143,28,1299,
2144,19,3124,
2145,376,2072,
2146,93,2106,
2147,119,529,
2148,376,2549,
2149,384,3306,
2150,118,751,
2151,43,2032,
2152,43,1915,
2153,321,960,
2154,321,963,
2155,21,1027,
2156,321,2579,
2157,321,3929,
2158,240,2513,
2159,422,1564,
2160,89,3011,
2161,419,1644,
2162,419,1814,
2163,321,1441,
2164,321,2714,
2165,321,3140,
2166,89,1752,
2167,321,265,
2168,89,2279,
2169,321,264,
2170,321,2809,
2171,20,2507,
2172,89,3381,
2173,419,2062,
2174,89,3853,
2175,376,3186,
2176,321,258,
2177,321,259,
2178,321,3230,
2179,107,3939,
2180,50,2376,
2181,43,2115,
2182,43,2291,
2183,83,2239,
2184,376,3733,
2185,321,2422,
2186,321,755,
2187,321,880,
2188,321,898,
2189,321,670,
2190,321,1036,
2191,321,679,
2192,139,1570,
2193,139,3042,
2194,139,3045,
2195,321,1054,
2196,321,1047,
2197,20,3315,
2198,321,1358,
2199,56,933,
2200,118,1355,
2201,119,1433,
2202,258,3090,
2203,91,613,
2204,231,2621,
2205,139,2592,
2206,259,3967,
2207,376,1864,
2208,259,3961,
2209,169,2502,
2210,89,3379,
2211,376,2934,
2212,119,2300,
2213,150,1400,
2214,83,1414,
2215,376,3435,
2216,83,2523,
2217,135,3747,
2218,20,3312,
2219,139,1989,
2220,321,1699,
2221,321,3684,
2222,321,2133,
2223,321,3141,
2224,376,2929,
2225,364,3577,
2226,321,3263,
2227,376,1471,
2228,158,1997,
2229,384,3872,
2230,321,1728,
2231,135,1161,
2232,321,1937,
2233,119,1287,
2234,321,1944,
2235,321,1962,
2236,43,3394,
2237,43,3920,
2238,321,3816,
2239,321,2423,
2240,321,1927,
2241,321,1064,
2242,321,3531,
2243,321,3812,
2244,321,2424,
2245,321,3221,
2246,321,2978,
2247,321,3835,
2248,321,2578,
2249,321,3407,
2250,28,2850,
2251,321,3824,
2252,321,2713,
2253,50,1903,
2254,321,656,
2255,419,3170,
2256,28,2477,
2257,321,1223,
2258,135,817,
2259,54,2321,
2260,89,3851,
2261,315,3273,
2262,315,3416,
2263,135,1155,
2264,140,1387,
2265,281,3291,
2266,135,650,
2267,321,386,
2268,321,280,
2269,321,369,
2270,321,385,
2271,419,306,
2272,158,1995,
2273,321,2155,
2274,321,855,
2275,321,2156,
2276,321,2147,
2277,321,2404,
2278,321,2425,
2279,268,2789,
2280,54,2595,
2281,281,3289,
2282,104,1256,
2283,135,1162,
2284,135,1159,
2285,321,2715,
2286,135,1156,
2287,107,3895,
2288,135,1157,
2289,321,583,
2290,419,1646,
2291,19,344,
2292,56,937,
2293,300,1812,
2294,355,2951,
2295,135,1674,
2296,321,3827,
2297,321,2179,
2298,321,2445,
2299,54,2607,
2300,135,2365,
2301,419,295,
2302,28,766,
2303,61,296,
2304,274,3604,
2305,321,2129,
2306,321,2172,
2307,89,3955,
2308,376,2342,
2309,376,1861,
2310,376,2336,
2311,321,2459,
2312,107,3533,
2313,321,2130,
2314,321,2171,
2315,321,1943,
2316,321,3137,
2317,321,1716,
2318,321,1717,
2319,321,1197,
2320,321,2143,
2321,321,3135,
2322,321,2458,
2323,321,2168,
2324,321,1039,
2325,321,491,
2326,321,567,
2327,321,581,
2328,119,712,
2329,119,524,
2330,119,343,
2331,321,3791,
2332,428,1322,
2333,417,2015,
2334,417,3555,
2335,59,2939,
2336,56,1417,
2337,376,2341,
2338,91,2535,
2339,91,3352,
2340,72,831,
2341,376,2020,
2342,376,834,
2343,376,2339,
2344,89,3017,
2345,21,2955,
2346,258,3087,
2347,43,3672,
2348,376,2351,
2349,163,2652,
2350,64,2729,
2351,89,3548,
2352,419,3719,
2353,312,2784,
2354,83,1412,
2355,419,3168,
2356,258,3350,
2357,21,2954,
2358,258,3088,
2359,376,2352,
2360,163,2952,
2361,64,3004,
2362,258,2529,
2363,376,3442,
2364,89,3954,
2365,376,2337,
2366,376,1335,
2367,376,1865,
2368,36,827,
2369,376,1477,
2370,89,2190,
2371,43,1688,
2372,83,1410,
2373,28,904,
2374,48,911,
2375,222,1785,
2376,118,3786,
2377,118,3790,
2378,222,2002,
2379,19,2008,
2380,118,3481,
2381,188,3446,
2382,119,530,
2383,89,1977,
2384,19,2009,
2385,420,2235,
2386,19,2253,
2387,19,1850,
2388,231,2010,
2389,118,1031,
2390,118,3783,
2391,54,1139,
2392,21,3768,
2393,321,3507,
2394,135,1338,
2395,40,606,
2396,19,947,
2397,211,2570,
2398,355,2381,
2399,61,1003,
2400,424,1252,
2401,130,989,
2402,329,3198,
2403,50,3302,
2404,419,2331,
2405,3,737,
2406,129,3590,
2407,419,3717,
2408,419,3426,
2409,424,1569,
2410,118,1354,
2411,119,1427,
2412,76,1069,
2413,20,441,
2414,163,3763,
2415,119,3879,
2416,129,1777,
2417,135,969,
2418,135,842,
2419,258,1603,
2420,190,2552,
2421,89,3007,
2422,281,3293,
2423,281,3290,
2424,53,1250,
2425,28,683,
2426,28,774,
2427,40,3973,
2428,40,3582,
2429,321,3236,
2430,321,3361,
2431,119,1793,
2432,158,602,
2433,321,330,
2434,321,336,
2435,321,3642,
2436,89,3849,
2437,321,3524,
2438,369,3095,
2439,64,3543,
2440,419,3166,
2441,229,1652,
2442,376,3440,
2443,135,1670,
2444,384,3871,
2445,229,1855,
2446,321,957,
2447,28,2746,
2448,28,3646,
2449,229,1811,
2450,229,1853,
2451,229,2014,
2452,419,2905,
2453,291,3174,
2454,419,2611,
2455,419,2324,
2456,419,2058,
2457,200,3742,
2458,252,2500,
2459,135,815,
2460,229,2917,
2461,229,3910,
2462,229,2916,
2463,43,1691,
2464,258,1629,
2465,321,1502,
2466,321,1205,
2467,321,872,
2468,321,2157,
2469,419,2614,
2470,123,625,
2471,41,832,
2472,321,564,
2473,321,1307,
2474,321,677,
2475,321,2691,
2476,321,574,
2477,321,1928,
2478,321,387,
2479,321,1702,
2480,321,869,
2481,321,895,
2482,321,505,
2483,321,562,
2484,321,494,
2485,321,657,
2486,321,425,
2487,321,1200,
2488,321,571,
2489,28,3664,
2490,28,3556,
2491,376,3946,
2492,376,2931,
2493,50,1677,
2494,278,838,
2495,321,857,
2496,321,582,
2497,321,586,
2498,321,951,
2499,321,724,
2500,50,558,
2501,123,1133,
2502,118,1034,
2503,321,3928,
2504,321,3248,
2505,321,3800,
2506,321,2426,
2507,321,2806,
2508,321,2820,
2509,321,1370,
2510,321,2822,
2511,321,1738,
2512,321,761,
2513,321,1703,
2514,321,1506,
2515,321,1186,
2516,321,1209,
2517,321,2158,
2518,321,1049,
2519,321,1055,
2520,321,763,
2521,28,2751,
2522,321,483,
2523,321,331,
2524,321,362,
2525,321,367,
2526,321,667,
2527,321,3930,
2528,119,525,
2529,321,475,
2530,321,476,
2531,54,455,
2532,321,973,
2533,119,446,
2534,321,2041,
2535,321,2140,
2536,321,757,
2537,321,675,
2538,321,752,
2539,28,1556,
2540,28,515,
2541,321,1610,
2542,28,2750,
2543,321,2664,
2544,28,811,
2545,61,2938,
2546,376,1473,
2547,258,3401,
2548,85,1149,
2549,43,3475,
2550,258,3614,
2551,83,707,
2552,107,3409,
2553,258,3342,
2554,59,1004,
2555,190,1918,
2556,321,2159,
2557,321,2160,
2558,419,3714,
2559,135,3196,
2560,376,1872,
2561,376,2623,
2562,211,1401,
2563,119,1832,
2564,118,1836,
2565,321,2131,
2566,28,513,
2567,61,357,
2568,43,3393,
2569,376,1663,
2570,321,2293,
2571,89,3915,
2572,315,3844,
2573,89,3008,
2574,321,267,
2575,28,3388,
2576,376,2626,
2577,135,1898,
2578,242,3479,
2579,83,3594,
2580,107,3537,
2581,135,2640,
2582,135,2097,
2583,118,3488,
2584,158,1258,
2585,41,640,
2586,41,642,
2587,41,739,
2588,373,3596,
2589,200,1487,
2590,321,756,
2591,321,858,
2592,119,1790,
2593,107,3970,
2594,83,709,
2595,89,1106,
2596,89,1116,
2597,89,1240,
2598,135,1011,
2599,321,1737,
2600,135,1122,
2601,321,1939,
2602,321,2825,
2603,321,1530,
2604,321,2450,
2605,321,3641,
2606,321,2394,
2607,321,2146,
2608,292,2292,
2609,54,1456,
2610,321,1220,
2611,321,435,
2612,321,415,
2613,61,1002,
2614,321,368,
2615,321,384,
2616,321,374,
2617,321,389,
2618,321,1067,
2619,321,3983,
2620,118,3490,
2621,422,3034,
2622,50,246,
2623,28,772,
2624,321,2139,
2625,321,2692,
2626,321,3526,
2627,119,447,
2628,321,2693,
2629,321,3808,
2630,321,3814,
2631,321,3527,
2632,68,645,
2633,135,747,
2634,123,1637,
2635,171,1788,
2636,135,746,
2637,129,2516,
2638,321,1952,
2639,321,1722,
2640,135,1016,
2641,190,1496,
2642,28,3385,
2643,256,2965,
2644,50,3151,
2645,119,2785,
2646,43,2112,
2647,43,1913,
2648,376,1483,
2649,420,3071,
2650,64,1169,
2651,50,1235,
2652,259,3620,
2653,119,3598,
2654,229,3372,
2655,49,1007,
2656,50,1022,
2657,36,978,
2658,376,2932,
2659,21,3767,
2660,355,3206,
2661,321,2138,
2662,314,3191,
2663,56,1424,
2664,229,1854,
2665,171,1271,
2666,229,1857,
2667,56,1094,
2668,56,966,
2669,43,3777,
2670,54,456,
2671,19,1607,
2672,50,1451,
2673,321,3502,
2674,321,2700,
2675,321,3807,
2676,321,2447,
2677,321,1221,
2678,321,572,
2679,83,3126,
2680,28,3386,
2681,321,3246,
2682,400,3321,
2683,83,1090,
2684,321,262,
2685,135,1491,
2686,321,261,
2687,321,3510,
2688,321,2671,
2689,222,1784,
2690,321,1043,
2691,321,1052,
2692,321,1706,
2693,129,1778,
2694,21,2270,
2695,89,2277,
2696,118,3219,
2697,118,3493,
2698,321,2694,
2699,21,3690,
2700,321,2701,
2701,258,3340,
2702,428,324,
2703,155,1769,
2704,258,3884,
2705,40,442,
2706,89,2193,
2707,29,1393,
2708,321,1198,
2709,89,2274,
2710,376,2935,
2711,419,460,
2712,40,791,
2713,123,453,
2714,123,449,
2715,89,3553,
2716,150,1573,
2717,83,1585,
2718,150,1575,
2719,83,1581,
2720,419,551,
2721,419,639,
2722,321,2673,
2723,419,2330,
2724,419,3165,
2725,419,3424,
2726,83,1584,
2727,61,311,
2728,400,3065,
2729,428,1824,
2730,50,2648,
2731,419,1319,
2732,321,2427,
2733,85,1009,
2734,107,3897,
2735,321,360,
2736,321,338,
2737,321,364,
2738,321,373,
2739,321,383,
2740,321,312,
2741,321,388,
2742,107,3541,
2743,314,3669,
2744,300,2835,
2745,376,1443,
2746,21,3470,
2747,258,3610,
2748,83,443,
2749,40,1776,
2750,83,1582,
2751,229,3178,
2752,376,3737,
2753,83,618,
2754,268,3415,
2755,281,3296,
2756,321,3521,
2757,89,2738,
2758,321,3139,
2759,20,1998,
2760,40,2232,
2761,50,3941,
2762,54,2603,
2763,428,833,
2764,29,1392,
2765,135,1121,
2766,135,844,
2767,119,3330,
2768,321,820,
2769,163,1908,
2770,225,3958,
2771,422,2299,
2772,89,3009,
2773,229,2915,
2774,419,2616,
2775,83,290,
2776,225,3864,
2777,83,3917,
2778,315,3942,
2779,258,1604,
2780,40,2775,
2781,40,3125,
2782,36,1253,
2783,89,1549,
2784,43,1914,
2785,54,629,
2786,321,2816,
2787,231,1648,
2788,321,2295,
2789,321,332,
2790,54,2047,
2791,321,1360,
2792,321,2970,
2793,321,2118,
2794,321,2695,
2795,321,489,
2796,321,502,
2797,43,3675,
2798,21,3769,
2799,321,2817,
2800,28,770,
2801,123,546,
2802,83,3877,
2803,376,2335,
2804,242,2386,
2805,83,2519,
2806,321,503,
2807,419,2909,
2808,54,2318,
2809,54,2048,
2810,118,1923,
2811,40,3587,
2812,321,487,
2813,321,498,
2814,419,3171,
2815,54,2317,
2816,321,961,
2817,281,3914,
2818,83,2001,
2819,54,352,
2820,54,405,
2821,40,3584,
2822,300,3112,
2823,258,3341,
2824,321,2972,
2825,321,1715,
2826,321,1718,
2827,123,1137,
2828,119,1288,
2829,376,3108,
2830,123,981,
2831,119,1099,
2832,315,3842,
2833,321,3975,
2834,321,3797,
2835,321,2663,
2836,321,1065,
2837,321,1732,
2838,376,1613,
2839,119,1592,
2840,118,1497,
2841,54,1132,
2842,118,1176,
2843,422,1981,
2844,422,3562,
2845,326,3214,
2846,118,1175,
2847,118,1177,
2848,321,1213,
2849,281,3564,
2850,123,1638,
2851,107,2723,
2852,107,3146,
2853,89,1753,
2854,54,3698,
2855,244,3705,
2856,50,3706,
2857,19,719,
2858,20,2225,
2859,123,407,
2860,123,406,
2861,119,1429,
2862,119,2006,
2863,419,308,
2864,107,3694,
2865,321,2137,
2866,321,2161,
2867,321,819,
2868,66,987,
2869,56,1589,
2870,135,1154,
2871,419,2052,
2872,419,3652,
2873,19,1292,
2874,419,2066,
2875,428,1460,
2876,419,2555,
2877,50,3466,
2878,242,3480,
2879,321,1219,
2880,419,2617,
2881,419,2613,
2882,135,1673,
2883,139,3638,
2884,135,1886,
2885,135,1900,
2886,55,928,
2887,56,946,
2888,321,1520,
2889,135,727,
2890,321,1930,
2891,135,649,
2892,321,1731,
2893,321,1935,
2894,321,3237,
2895,321,3530,
2896,158,1772,
2897,321,2823,
2898,135,2093,
2899,135,1163,
2900,321,959,
2901,19,2254,
2902,169,2223,
2903,169,2303,
2904,169,2221,
2905,376,1142,
2906,321,3680,
2907,135,3453,
2908,135,3749,
2909,40,3585,
2910,384,2772,
2911,54,1318,
2912,419,2055,
2913,321,3265,
2914,321,2162,
2915,419,638,
2916,129,2000,
2917,292,3061,
2918,369,2531,
2919,369,2586,
2920,123,2883,
2921,291,2913,
2922,56,1588,
2923,89,1074,
2924,89,901,
2925,64,2875,
2926,91,1104,
2927,89,2281,
2928,89,1972,
2929,281,3038,
2930,376,997,
2931,376,3356,
2932,89,3657,
2933,419,3167,
2934,56,1273,
2935,56,1093,
2936,56,810,
2937,341,3334,
2938,258,3339,
2939,321,2428,
2940,258,1605,
2941,89,3953,
2942,28,3903,
2943,28,3389,
2944,428,553,
2945,321,1953,
2946,321,1735,
2947,321,822,
2948,376,3434,
2949,54,2891,
2950,135,3192,
2951,91,718,
2952,135,1341,
2953,135,3459,
2954,89,2278,
2955,59,1448,
2956,158,1084,
2957,376,1482,
2958,28,3902,
2959,376,2632,
2960,376,1332,
2961,89,3847,
2962,20,922,
2963,28,1388,
2964,28,1119,
2965,89,2282,
2966,422,2588,
2967,419,2612,
2968,83,303,
2969,20,3313,
2970,321,2397,
2971,89,2474,
2972,28,773,
2973,28,518,
2974,135,1339,
2975,20,1261,
2976,321,492,
2977,28,512,
2978,135,467,
2979,135,728,
2980,228,1967,
2981,36,700,
2982,36,912,
2983,36,697,
2984,376,464,
2985,321,2696,
2986,321,2128,
2987,321,2180,
2988,321,2163,
2989,321,2974,
2990,376,2625,
2991,107,900,
2992,321,2697,
2993,376,2350,
2994,376,2797,
2995,376,1866,
2996,321,2982,
2997,321,2164,
2998,135,2941,
2999,135,1344,
3000,56,1423,
3001,53,614,
3002,321,2872,
3003,135,1010,
3004,135,1305,
3005,321,3405,
3006,321,2297,
3007,118,3965,
3008,292,3058,
3009,376,2830,
3010,40,2779,
3011,83,274,
3012,40,604,
3013,107,1130,
3014,321,1211,
3015,89,3380,
3016,341,3601,
3017,258,3615,
3018,89,1386,
3019,190,3649,
3020,89,3554,
3021,40,2229,
3022,419,2615,
3023,281,3913,
3024,61,1145,
3025,135,2099,
3026,135,471,
3027,135,540,
3028,229,2919,
3029,135,745,
3030,135,743,
3031,135,814,
3032,50,3760,
3033,321,3244,
3034,281,3569,
3035,212,3710,
3036,43,3476,
3037,400,3322,
3038,43,2540,
3039,139,1296,
3040,135,620,
3041,269,2727,
3042,64,2783,
3043,61,2635,
3044,139,3039,
3045,139,1398,
3046,139,402,
3047,139,301,
3048,321,3496,
3049,321,3365,
3050,321,1954,
3051,321,1741,
3052,321,1521,
3053,28,598,
3054,139,3699,
3055,321,2669,
3056,321,3682,
3057,158,346,
3058,158,440,
3059,321,3802,
3060,28,2480,
3061,89,1751,
3062,112,2547,
3063,139,288,
3064,89,2194,
3065,20,3062,
3066,321,2808,
3067,20,3316,
3068,419,637,
3069,321,879,
3070,321,883,
3071,139,1109,
3072,419,3173,
3073,321,3811,
3074,28,2200,
3075,140,1244,
3076,28,1389,
3077,28,3282,
3078,107,1231,
3079,163,651,
3080,28,3662,
3081,419,1846,
3082,321,2698,
3083,428,1324,
3084,28,516,
3085,28,537,
3086,89,3382,
3087,28,907,
3088,321,2984,
3089,376,2353,
3090,28,2479,
3091,321,3822,
3092,20,2504,
3093,28,320,
3094,274,3155,
3095,338,3338,
3096,274,3603,
3097,89,1548,
3098,89,1550,
3099,54,2602,
3100,321,2980,
3101,20,788,
3102,135,3750,
3103,321,3686,
3104,376,1476,
3105,321,2983,
3106,118,3482,
3107,118,3785,
3108,321,2451,
3109,321,2393,
3110,321,2968,
3111,376,3107,
3112,376,3906,
3113,376,3736,
3114,213,3890,
3115,213,3966,
3116,243,1845,
3117,54,1963,
3118,54,2308,
3119,64,1828,
3120,50,1835,
3121,115,2860,
3122,50,2880,
3123,50,2105,
3124,229,3176,
3125,281,3912,
3126,281,3861,
3127,59,3635,
3128,59,1126,
3129,59,1147,
3130,21,3935,
3131,135,468,
3132,135,470,
3133,376,1326,
3134,43,3773,
3135,314,3449,
3136,419,1302,
3137,419,992,
3138,274,3082,
3139,376,1328,
3140,376,3945,
3141,168,1174,
3142,422,2202,
3143,123,1826,
3144,422,3284,
3145,43,1821,
3146,89,3115,
3147,376,1809,
3148,41,1140,
3149,19,2794,
3150,119,397,
3151,119,445,
3152,292,3059,
3153,181,2205,
3154,118,2116,
3155,181,2204,
3156,135,1150,
3157,107,2301,
3158,424,1762,
3159,190,2660,
3160,376,1662,
3161,376,2548,
3162,158,1260,
3163,376,2930,
3164,321,3813,
3165,139,1254,
3166,118,3216,
3167,119,3331,
3168,139,394,
3169,315,3001,
3170,258,2634,
3171,257,2790,
3172,28,536,
3173,139,3575,
3174,139,451,
3175,321,2429,
3176,321,1366,
3177,28,3122,
3178,139,2493,
3179,139,1990,
3180,119,1426,
3181,163,3762,
3182,428,996,
3183,419,2326,
3184,321,1727,
3185,321,2165,
3186,428,1649,
3187,240,2511,
3188,321,3499,
3189,83,275,
3190,129,1999,
3191,56,932,
3192,56,1091,
3193,376,1329,
3194,19,2007,
3195,19,2013,
3196,56,1278,
3197,89,3024,
3198,315,3841,
3199,43,3774,
3200,376,2550,
3201,376,2630,
3202,89,3956,
3203,163,2107,
3204,64,2186,
3205,64,2730,
3206,119,3078,
3207,83,813,
3208,281,2760,
3209,321,2582,
3210,321,2865,
3211,321,3513,
3212,420,3325,
3213,229,3427,
3214,89,3019,
3215,89,3629,
3216,118,3703,
3217,28,3123,
3218,20,3317,
3219,20,3314,
3220,321,3683,
3221,28,3666,
3222,321,1179,
3223,281,3114,
3224,281,3643,
3225,135,1346,
3226,376,2018,
3227,135,1151,
3228,83,1783,
3229,376,3734,
3230,376,2016,
3231,107,2724,
3232,76,1544,
3233,107,3971,
3234,89,1076,
3235,139,1804,
3236,321,1368,
3237,139,395,
3238,369,1802,
3239,420,1781,
3240,419,2620,
3241,419,2619,
3242,28,3118,
3243,28,2478,
3244,28,3390,
3245,7,621,
3246,7,560,
3247,29,1394,
3248,29,695,
3249,29,778,
3250,244,2496,
3251,107,1969,
3252,376,3738,
3253,64,1749,
3254,225,3687,
3255,225,3865,
3256,365,2654,
3257,43,2111,
3258,321,3976,
3259,139,2545,
3260,291,1466,
3261,321,1540,
3262,321,1955,
3263,321,2122,
3264,321,1440,
3265,321,1383,
3266,321,1361,
3267,321,1359,
3268,107,2302,
3269,129,3323,
3270,365,2957,
3271,54,2320,
3272,83,539,
3273,384,3049,
3274,376,3724,
3275,139,3300,
3276,139,2882,
3277,422,1757,
3278,422,1391,
3279,28,1559,
3280,28,1557,
3281,54,2608,
3282,54,2885,
3283,54,1844,
3284,321,3220,
3285,321,1705,
3286,321,1180,
3287,321,575,
3288,321,2805,
3289,321,2668,
3290,321,2583,
3291,321,661,
3292,321,664,
3293,135,3128,
3294,83,1415,
3295,400,3589,
3296,229,2920,
3297,229,2914,
3298,424,1763,
3299,171,2003,
3300,229,2833,
3301,321,678,
3302,61,2937,
3303,61,2861,
3304,376,3729,
3305,376,3184,
3306,369,3619,
3307,21,3468,
3308,89,3015,
3309,321,2461,
3310,369,3617,
3311,213,3624,
3312,21,3469,
3313,321,2674,
3314,135,1489,
3315,369,2792,
3316,321,568,
3317,422,1563,
3318,40,790,
3319,321,1374,
3320,139,1439,
3321,321,2977,
3322,40,605,
3323,321,1207,
3324,321,420,
3325,321,424,
3326,419,2618,
3327,321,337,
3328,321,335,
3329,321,375,
3330,321,379,
3331,158,1770,
3332,321,281,
3333,321,1222,
3334,56,940,
3335,56,934,
3336,56,930,
3337,321,3232,
3338,321,3525,
3339,321,3250,
3340,28,339,
3341,188,1879,
3342,188,1881,
3343,59,465,
3344,50,1678,
3345,158,1578,
3346,419,1848,
3347,419,1645,
3348,419,1813,
3349,419,2050,
3350,419,1643,
3351,419,1847,
3352,419,1647,
3353,321,1363,
3354,135,3127,
3355,135,3744,
3356,83,1407,
3357,321,1704,
3358,107,3896,
3359,321,3264,
3360,107,3000,
3361,107,3270,
3362,253,2237,
3363,384,3056,
3364,321,279,
3365,321,2444,
3366,61,2636,
3367,321,2430,
3368,321,1532,
3369,321,2716,
3370,315,3840,
3371,36,914,
3372,28,3557,
3373,321,2166,
3374,28,1118,
3375,28,316,
3376,28,1558,
3377,54,2887,
3378,28,693,
3379,231,2068,
3380,28,517,
3381,175,1695,
3382,54,2600,
3383,107,2990,
3384,321,3512,
3385,321,1181,
3386,419,2065,
3387,89,3278,
3388,28,3029,
3389,28,3558,
3390,28,3120,
3391,54,2601,
3392,321,1827,
3393,321,1714,
3394,321,1710,
3395,54,548,
3396,53,1449,
3397,419,2908,
3398,118,1921,
3399,59,835,
3400,118,1697,
3401,118,1698,
3402,376,2080,
3403,376,3367,
3404,376,2087,
3405,376,3907,
3406,107,3695,
3407,83,342,
3408,314,3450,
3409,50,2947,
3410,53,1566,
3411,281,3292,
3412,428,1141,
3413,139,624,
3414,321,2181,
3415,321,1956,
3416,321,2581,
3417,321,1529,
3418,321,1524,
3419,422,3560,
3420,422,3859,
3421,422,3287,
3422,89,3021,
3423,422,3286,
3424,422,2758,
3425,321,570,
3426,321,1940,
3427,21,2110,
3428,21,2382,
3429,50,559,
3430,50,3756,
3431,83,448,
3432,419,461,
3433,376,3109,
3434,19,1293,
3435,19,1445,
3436,118,3215,
3437,119,3329,
3438,428,730,
3439,376,3106,
3440,40,2777,
3441,139,601,
3442,139,541,
3443,139,781,
3444,40,3874,
3445,89,2557,
3446,222,2526,
3447,321,2812,
3448,292,2573,
3449,419,3716,
3450,43,2114,
3451,64,3951,
3452,89,1242,
3453,220,3159,
3454,89,2843,
3455,321,2717,
3456,314,3190,
3457,54,2609,
3458,89,2025,
3459,53,910,
3460,309,3152,
3461,309,3153,
3462,321,1298,
3463,222,1787,
3464,198,1683,
3465,54,2306,
3466,54,2311,
3467,28,2745,
3468,229,1856,
3469,21,3765,
3470,139,1766,
3471,278,3448,
3472,369,2791,
3473,369,2587,
3474,28,1617,
3475,135,1888,
3476,135,2643,
3477,135,2363,
3478,135,2641,
3479,135,2358,
3480,321,2868,
3481,139,3419,
3482,419,2900,
3483,321,2670,
3484,139,1313,
3485,139,345,
3486,256,3495,
3487,190,1919,
3488,28,3387,
3489,40,1086,
3490,107,1225,
3491,107,1385,
3492,422,1986,
3493,41,740,
3494,89,3020,
3495,123,1838,
3496,376,1870,
3497,376,2631,
3498,169,3417,
3499,419,2332,
3500,107,3269,
3501,107,3412,
3502,83,1620,
3503,50,1635,
3504,321,1375,
3505,321,953,
3506,321,954,
3507,321,668,
3508,321,899,
3509,321,894,
3510,321,1215,
3511,321,2167,
3512,321,2803,
3513,321,3834,
3514,321,2821,
3515,321,501,
3516,321,488,
3517,321,2121,
3518,321,2811,
3519,321,561,
3520,321,1723,
3521,321,1376,
3522,321,885,
3523,321,888,
3524,321,495,
3525,321,952,
3526,321,2802,
3527,83,3073,
3528,56,1272,
3529,56,929,
3530,107,3538,
3531,321,3926,
3532,321,3799,
3533,321,3825,
3534,321,2824,
3535,129,851,
3536,50,926,
3537,258,1598,
3538,20,789,
3539,258,1825,
3540,258,1801,
3541,321,2438,
3542,321,2439,
3543,321,3520,
3544,89,3891,
3545,135,3746,
3546,139,734,
3547,139,782,
3548,54,3712,
3549,244,3755,
3550,50,3868,
3551,419,2056,
3552,321,2969,
3553,321,2431,
3554,253,2238,
3555,135,1891,
3556,135,2096,
3557,89,2739,
3558,139,298,
3559,59,2575,
3560,59,409,
3561,376,2551,
3562,376,2082,
3563,139,3048,
3564,89,2842,
3565,126,706,
3566,321,1060,
3567,321,1957,
3568,321,2124,
3569,321,2269,
3570,225,2762,
3571,321,3640,
3572,321,2826,
3573,258,3344,
3574,19,720,
3575,135,2098,
3576,40,3583,
3577,376,3180,
3578,376,2345,
3579,376,1657,
3580,376,1475,
3581,64,3547,
3582,376,3441,
3583,376,1658,
3584,376,1659,
3585,376,1336,
3586,376,2083,
3587,376,1474,
3588,376,1656,
3589,376,3181,
3590,28,1111,
3591,28,616,
3592,28,686,
3593,89,1080,
3594,83,1411,
3595,83,1447,
3596,40,1087,
3597,321,663,
3598,321,666,
3599,21,3691,
3600,21,3467,
3601,107,3938,
3602,29,2203,
3603,50,2949,
3604,321,1701,
3605,321,1724,
3606,300,2273,
3607,61,1665,
3608,139,319,
3609,107,3984,
3610,28,454,
3611,81,472,
3612,81,626,
3613,81,627,
3614,81,628,
3615,81,988,
3616,83,1071,
3617,83,1264,
3618,83,1265,
3619,63,1266,
3620,7,2544,
3621,83,2565,
3622,422,2201,
3623,36,913,
3624,89,3654,
3625,40,1404,
3626,40,1262,
3627,40,1403,
3628,43,1028,
3629,420,3593,
3630,281,2761,
3631,43,1352,
3632,21,1173,
3633,420,3070,
3634,89,1241,
3635,118,3788,
3636,119,1794,
3637,384,3054,
3638,190,1917,
3639,107,2997,
3640,89,3023,
3641,384,3869,
3642,417,1551,
3643,417,1754,
3644,83,3918,
3645,258,3092,
3646,321,1534,
3647,321,2136,
3648,376,2923,
3649,28,590,
3650,50,277,
3651,376,1472,
3652,66,828,
3653,49,839,
3654,50,847,
3655,61,1484,
3656,376,1611,
3657,135,557,
3658,19,2012,
3659,50,1905,
3660,281,3565,
3661,281,3297,
3662,28,3857,
3663,28,3030,
3664,28,3660,
3665,28,2754,
3666,28,2029,
3667,28,906,
3668,28,2285,
3669,28,2198,
3670,28,1979,
3671,28,2848,
3672,28,2753,
3673,321,2403,
3674,200,2638,
3675,89,3846,
3676,59,399,
3677,229,3650,
3678,229,3721,
3679,28,1818,
3680,28,2284,
3681,55,803,
3682,56,806,
3683,54,1636,
3684,28,687,
3685,28,538,
3686,83,284,
3687,220,3160,
3688,50,1164,
3689,118,3779,
3690,135,1901,
3691,135,2644,
3692,89,2737,
3693,28,685,
3694,28,905,
3695,28,769,
3696,291,1467,
3697,91,808,
3698,321,1381,
3699,321,1191,
3700,54,2605,
3701,135,2090,
3702,135,2091,
3703,321,1183,
3704,321,1189,
3705,321,3144,
3706,321,1518,
3707,321,1531,
3708,321,1958,
3709,54,635,
3710,54,632,
3711,28,771,
3712,54,2309,
3713,321,1959,
3714,321,1721,
3715,321,1739,
3716,126,971,
3717,321,2040,
3718,28,768,
3719,321,2391,
3720,321,1515,
3721,321,1516,
3722,321,1742,
3723,118,3782,
3724,56,1113,
3725,76,1545,
3726,41,641,
3727,135,2095,
3728,135,1153,
3729,54,1454,
3730,54,2594,
3731,373,3075,
3732,321,1509,
3733,321,1510,
3734,321,1960,
3735,54,2312,
3736,118,3781,
3737,373,3892,
3738,135,2092,
3739,135,2089,
3740,135,2094,
3741,89,1294,
3742,135,2368,
3743,321,3681,
3744,89,3552,
3745,321,2667,
3746,119,1428,
3747,123,294,
3748,321,862,
3749,321,866,
3750,54,350,
3751,321,1533,
3752,28,691,
3753,266,2720,
3754,419,2898,
3755,321,2813,
3756,321,3828,
3757,89,2263,
3758,126,797,
3759,321,361,
3760,321,365,
3761,321,1046,
3762,321,1053,
3763,321,871,
3764,321,377,
3765,321,382,
3766,321,414,
3767,321,1218,
3768,213,3622,
3769,50,2649,
3770,300,2023,
3771,83,2290,
3772,40,3063,
3773,384,3307,
3774,118,3784,
3775,54,2049,
3776,211,2856,
3777,169,2503,
3778,83,341,
3779,118,3780,
3780,321,2675,
3781,321,2392,
3782,28,2755,
3783,91,3096,
3784,119,1432,
3785,135,469,
3786,43,3209,
3787,321,2863,
3788,107,3693,
3789,400,2553,
3790,43,3358,
3791,244,2771,
3792,50,2651,
3793,244,2770,
3794,118,2388,
3795,119,2527,
3796,169,3578,
3797,169,3631,
3798,135,3753,
3799,83,619,
3800,341,3882,
3801,315,3843,
3802,258,3091,
3803,89,3848,
3804,258,2542,
3805,107,2999,
3806,321,3522,
3807,321,1048,
3808,321,3259,
3809,43,1494,
3810,258,1606,
3811,258,2035,
3812,292,3060,
3813,135,1899,
3814,119,1434,
3815,118,1356,
3816,83,1408,
3817,376,1664,
3818,119,2244,
3819,118,1450,
3820,119,1453,
3821,28,2849,
3822,28,3027,
3823,419,991,
3824,135,816,
3825,135,2100,
3826,135,1490,
3827,89,587,
3828,28,2851,
3829,28,3032,
3830,212,3711,
3831,422,1830,
3832,107,3936,
3833,119,1631,
3834,119,1633,
3835,419,3718,
3836,66,986,
3837,422,1831,
3838,419,2063,
3839,20,2855,
3840,64,508,
3841,64,509,
3842,20,2774,
3843,384,3055,
3844,119,732,
3845,28,392,
3846,28,340,
3847,28,437,
3848,321,573,
3849,321,268,
3850,321,250,
3851,321,252,
3852,321,257,
3853,321,254,
3854,321,253,
3855,321,251,
3856,321,249,
3857,321,256,
3858,281,3294,
3859,220,3402,
3860,422,1983,
3861,83,2566,
3862,107,3535,
3863,420,3324,
3864,43,1623,
3865,40,3581,
3866,83,396,
3867,83,726,
3868,119,3333,
3869,321,674,
3870,321,2676,
3871,229,3720,
3872,417,1823,
3873,428,1321,
3874,40,792,
3875,40,793,
3876,229,2798,
3877,19,3625,
3878,258,3346,
3879,89,2841,
3880,169,3308,
3881,83,708,
3882,40,2289,
3883,321,662,
3884,321,665,
3885,229,3911,
3886,422,1982,
3887,212,3709,
3888,28,1756,
3889,59,3636,
3890,50,272,
3891,21,2590,
3892,258,3132,
3893,135,843,
3894,376,2933,
3895,135,2568,
3896,135,2569,
3897,118,3778,
3898,89,3378,
3899,258,1600,
3900,89,3656,
3901,107,3696,
3902,422,2485,
3903,40,1446,
3904,169,3310,
3905,376,1654,
3906,258,1627,
3907,107,3534,
3908,169,3894,
3909,107,2722,
3910,376,2075,
3911,169,3309,
3912,384,3893,
3913,376,3727,
3914,376,1608,
3915,376,2272,
3916,83,3074,
3917,376,2346,
3918,20,521,
3919,107,3969,
3920,376,3370,
3921,107,2994,
3922,89,3957,
3923,64,1971,
3924,83,1586,
3925,376,3188,
3926,21,2109,
3927,43,3210,
3928,258,3343,
3929,376,3430,
3930,376,2338,
3931,376,1442,
3932,59,1626,
3933,43,3129,
3934,158,1402,
3935,321,3509,
3936,258,3094,
3937,139,1397,
3938,139,824,
3939,33,715,
3940,33,716,
3941,419,2910,
3942,123,1842,
3943,258,3616,
3944,129,3067,
3945,321,860,
3946,321,864,
3947,321,401,
3948,321,376,
3949,321,381,
3950,321,958,
3951,321,1216,
3952,158,398,
3953,158,520,
3954,89,3022,
3955,89,3013,
3956,119,1430,
3957,123,1315,
3958,28,2743,
3959,28,1120,
3960,119,2243,
3961,119,804,
3962,119,612,
3963,119,713,
3964,119,974,
3965,54,2604,
3966,119,3145,
3967,54,2313,
3968,118,1499,
3969,119,1593,
3970,59,818,
3971,59,836,
3972,119,942,
3973,119,823,
3974,89,2560,
3975,119,3599,
3976,89,2732,
3977,119,1595,
3978,376,2928,
3979,384,2216,
3980,54,547,
3981,54,631,
3982,54,633,
3983,376,3432,
3984,29,599,
3985,29,1249,
3986,355,3203,
3987,123,544,
3988,229,1858,
3989,190,1920,
3990,190,1692,
3991,107,1072,
3992,376,3740,
3993,28,511,
3994,244,2495,
3995,155,1576,
3996,123,293,
3997,89,1816,
3998,312,3076,
3999,50,1019,
4000,28,3117,
4001,158,2219,
4002,54,550,
4003,118,3483,
4004,19,2261,
4005,64,2471,
4006,123,543,
4007,428,327,
4008,115,2647,
4009,50,2756,
4010,130,351,
4011,158,1773,
4012,54,3901,
4013,428,463,
4014,49,1008,
4015,50,1018,
4016,43,2572,
4017,376,2628,
4018,228,1966,
4019,163,2108,
4020,119,1286,
4021,85,741,
4022,119,1101,
4023,118,1030,
4024,118,2117,
4025,54,830,
4026,50,846,
4027,158,1579,
4028,50,2101,
4029,211,1123,
4030,64,2728,
4031,89,1975,
4032,28,1618,
4033,43,1624,
4034,419,1457,
4035,28,2852,
4036,119,318,
4037,107,1232,
4038,163,1682,
4039,428,323,
4040,428,325,
4041,428,356,
4042,28,3644,
4043,28,3283,
4044,89,3852,
4045,89,1974,
4046,89,3016,
4047,118,3487,
4048,89,3850,
4049,158,1577,
4050,89,2196,
4051,89,2735,
4052,118,2537,
4053,28,592,
4054,118,1696,
4055,119,1799,
4056,376,1330,
4057,118,1178,
4058,296,2911,
4059,115,1237,
4060,64,1247,
4061,50,1026,
4062,118,1032,
4063,123,3708,
4064,258,2530,
4065,236,1877,
4066,236,1878,
4067,252,2215,
4068,54,270,
4069,123,1639,
4070,384,3053,
4071,419,2060,
4072,28,684,
4073,56,1276,
4074,28,347,
4075,50,1021,
4076,28,1619,
4077,376,2922,
4078,266,2463,
4079,89,3116,
4080,89,2192,
4081,198,1910,
4082,50,255,
4083,54,3163,
4084,50,3199,
4085,306,3303,
4086,50,1167,
4087,89,1547,
4088,43,1912,
4089,376,2927,
4090,50,1025,
4091,28,1817,
4092,119,1284,
4093,376,3185,
4094,281,3566,
4095,89,3551,
4096,135,3752,
4097,43,2383,
4098,43,2659,
4099,64,3545,
4100,50,1907,
4101,188,3741,
4102,376,3436,
4103,43,2658,
4104,28,775,
4105,376,2629,
4106,36,780,
4107,376,1327,
4108,64,3845,
4109,428,1851,
4110,107,3271,
4111,50,852,
4112,54,3713,
4113,244,3754,
4114,50,3866,
4115,28,2748,
4116,28,3559,
4117,28,2199,
4118,107,3540,
4119,54,3164,
4120,220,2046,
4121,428,1465,
4122,222,2242,
4123,19,2255,
4124,89,1239,
4125,213,3351,
4126,428,995,
4127,376,2071,
4128,89,1117,
4129,82,1088,
4130,83,1089,
4131,83,799,
4132,376,1655,
4133,278,2940,
4134,118,1314,
4135,50,2945,
4136,139,302,
4137,123,2036,
4138,376,3182,
4139,439,1580,
4140,252,2499,
4141,54,990,
4142,50,1020,
4143,240,2512,
4144,50,1165,
4145,225,1395,
4146,384,1992,
4147,43,1495,
4148,129,3591,
4149,355,3202,
4150,119,1791,
4151,89,1615,
4152,123,2593,
4153,229,2070,
4154,198,1668,
4155,198,1684,
4156,200,1883,
4157,200,1909,
4158,168,1694,
4159,115,1166,
4160,64,1233,
4161,50,1248,
4162,225,2206,
4163,33,533,
4164,33,532,
4165,43,1685,
4166,54,1455,
4167,376,2340,
4168,229,1859,
4169,61,1144,
4170,61,1485,
4171,28,690,
4172,228,2182,
4173,61,1001,
4174,428,1461,
4175,428,1323,
4176,89,2283,
4177,145,1349,
4178,61,1143,
4179,50,271,
4180,253,2517,
4181,40,522,
4182,252,2501,
4183,56,800,
4184,76,1546,
4185,54,2610,
4186,107,2998,
4187,300,3113,
4188,89,1978,
4189,107,3411,
4190,89,3012,
4191,19,2067,
4192,231,2252,
4193,50,276,
4194,158,1083,
4195,40,925,
4196,54,321,
4197,428,2069,
4198,107,3147,
4199,28,1555,
4200,28,315,
4201,123,984,
4202,258,3085,
4203,28,1560,
4204,119,805,
4205,89,1973,
4206,123,1134,
4207,56,938,
4208,169,2222,
4209,211,2768,
4210,43,1689,
4211,89,1077,
4212,281,3860,
4213,281,3567,
4214,118,2538,
4215,376,1808,
4216,376,1660,
4217,169,3057,
4218,19,3668,
4219,244,3867,
4220,213,3889,
4221,28,689,
4222,225,2487,
4223,258,3608,
4224,258,2862,
4225,21,2876,
4226,33,717,
4227,321,653,
4228,321,2867,
4229,384,3305,
4230,107,2879,
4231,107,2993,
4232,43,3775,
4233,266,2721,
4234,19,3037,
4235,281,3098,
4236,321,3932,
4237,123,542,
4238,321,2440,
4239,321,2441,
4240,321,2132,
4241,321,2170,
4242,321,2177,
4243,28,2286,
4244,321,2584,
4245,20,921,
4246,119,945,
4247,376,2085,
4248,19,3099,
4249,83,607,
4250,376,1863,
4251,242,3213,
4252,419,459,
4253,376,3723,
4254,43,1690,
4255,43,1687,
4256,376,1333,
4257,376,1325,
4258,19,2258,
4259,19,2288,
4260,36,779,
4261,376,1869,
4262,300,2836,
4263,43,1351,
4264,229,2333,
4265,229,3428,
4266,28,438,
4267,28,3663,
4268,384,3923,
4269,129,2234,
4270,28,1755,
4271,321,1700,
4272,19,2257,
4273,28,2846,
4274,256,2387,
4275,118,2389,
4276,321,2460,
4277,321,3830,
4278,89,588,
4279,123,545,
4280,89,436,
4281,321,1214,
4282,28,2847,
4283,89,1078,
4284,376,2347,
4285,54,738,
4286,28,2752,
4287,135,2367,
4288,118,1922,
4289,321,3833,
4290,118,3489,
4291,28,2027,
4292,321,3224,
4293,321,3143,
4294,321,3247,
4295,321,3255,
4296,321,955,
4297,135,1343,
4298,321,2135,
4299,281,3295,
4300,258,3347,
4301,56,1277,
4302,321,1382,
4303,321,3258,
4304,135,3454,
4305,135,3455,
4306,135,2944,
4307,135,2366,
4308,135,3194,
4309,135,3751,
4310,56,1279,
4311,321,3806,
4312,89,2026,
4313,321,2401,
4314,321,2453,
4315,59,466,
4316,28,777,
4317,422,1985,
4318,321,870,
4319,321,1217,
4320,135,1889,
4321,135,1152,
4322,158,1259,
4323,321,481,
4324,321,482,
4325,321,413,
4326,258,3613,
4327,119,3079,
4328,19,1105,
4329,300,2837,
4330,107,2044,
4331,59,3399,
4332,28,1246,
4333,228,1964,
4334,107,3148,
4335,321,3796,
4336,376,2926,
4337,59,3104,
4338,321,762,
4339,158,603,
4340,107,3968,
4341,107,3536,
4342,365,2956,
4343,89,2264,
4344,107,1437,
4345,28,1980,
4346,76,972,
4347,321,3792,
4348,119,528,
4349,119,531,
4350,89,2191,
4351,258,3885,
4352,119,1789,
4353,135,2645,
4354,135,2854,
4355,135,1337,
4356,135,2639,
4357,376,3438,
4358,321,1522,
4359,321,1523,
4360,28,3384,
4361,321,2672,
4362,321,2145,
4363,321,3404,
4364,89,3355,
4365,28,1553,
4366,28,1554,
4367,40,3875,
4368,40,2778,
4369,40,2509,
4370,158,1996,
4371,40,950,
4372,129,1779,
4373,129,1780,
4374,126,731,
4375,171,2034,
4376,28,1390,
4377,33,622,
4378,321,3931,
4379,53,696,
4380,244,3697,
4381,50,3707,
4382,243,1543,
4383,89,3549,
4384,158,1771,
4385,301,2884,
4386,376,3433,
4387,50,3200,
4388,50,3757,
4389,222,1786,
4390,28,692,
4391,189,2305,
4392,50,2380,
4393,50,2379,
4394,129,2233,
4395,119,943,
4396,129,1263,
4397,292,2773,
4398,145,1493,
4399,64,1170,
4400,50,1236,
4401,50,623,
4402,123,982,
4403,119,1100,
4404,119,1309,
4405,50,1312,
4406,300,2834,
4407,123,2304,
4408,119,944,
4409,135,964,
4410,40,2226,
4411,321,1362,
4412,321,1519,
